<records>
<record>
<user_id>U108</user_id>
<song_id>S218</song_id>
<artist_id>A303</artist_id>
<timestamp>2017-10-01 05:18:09</timestamp>
<start_ts>2017-11-10 12:34:22</start_ts>
<end_ts>2017-05-07 11:09:12</end_ts>
<geo_cd></geo_cd>
<station_id>ST415</station_id>
<song_end_type>2</song_end_type>
<like>1</like>
<dislike>0</dislike>
</record>
<record>
<user_id>U120</user_id>
<song_id>S218</song_id>
<artist_id>A302</artist_id>
<timestamp>2017-12-15 21:12:16</timestamp>
<start_ts>2017-11-10 12:34:22</start_ts>
<end_ts>2016-07-10 01:38:09</end_ts>
<geo_cd>A</geo_cd>
<station_id>ST409</station_id>
<song_end_type>1</song_end_type>
<like>1</like>
<dislike>0</dislike>
</record>
<record>
<user_id></user_id>
<song_id>S210</song_id>
<artist_id>A304</artist_id>
<timestamp>2017-10-01 05:18:09</timestamp>
<start_ts>2017-11-10 12:34:22</start_ts>
<end_ts>2017-05-07 11:09:12</end_ts>
<geo_cd>J</geo_cd>
<station_id>ST408</station_id>
<song_end_type>3</song_end_type>
<like>0</like>
<dislike>0</dislike>
</record>
<record>
<user_id>U106</user_id>
<song_id>S205</song_id>
<artist_id>A305</artist_id>
<timestamp>2017-05-07 11:09:12</timestamp>
<start_ts>2017-11-10 12:34:22</start_ts>
<end_ts>2017-11-10 12:34:22</end_ts>
<geo_cd>E</geo_cd>
<station_id>ST405</station_id>
<song_end_type>2</song_end_type>
<like>0</like>
<dislike>1</dislike>
</record>
<record>
<user_id>U121</user_id>
<song_id>S205</song_id>
<artist_id>A303</artist_id>
<timestamp>2017-12-15 21:12:16</timestamp>
<start_ts>2017-12-15 21:12:16</start_ts>
<end_ts>2017-12-15 21:12:16</end_ts>
<geo_cd>AU</geo_cd>
<station_id>ST402</station_id>
<song_end_type>2</song_end_type>
<like>1</like>
<dislike>1</dislike>
</record>
<record>
<user_id>U122</user_id>
<song_id>S202</song_id>
<artist_id>A305</artist_id>
<timestamp>2017-05-07 11:09:12</timestamp>
<start_ts>2017-12-15 21:12:16</start_ts>
<end_ts>2017-11-10 12:34:22</end_ts>
<geo_cd>E</geo_cd>
<station_id>ST407</station_id>
<song_end_type>1</song_end_type>
<like>0</like>
<dislike>0</dislike>
</record>
<record>
<user_id>U118</user_id>
<song_id>S202</song_id>
<artist_id></artist_id>
<timestamp>2017-11-10 12:34:22</timestamp>
<start_ts>2017-12-15 21:12:16</start_ts>
<end_ts>2016-07-10 01:38:09</end_ts>
<geo_cd>AU</geo_cd>
<station_id>ST409</station_id>
<song_end_type>3</song_end_type>
<like>1</like>
<dislike>0</dislike>
</record>
<record>
<user_id>U119</user_id>
<song_id>S205</song_id>
<artist_id>A306</artist_id>
<timestamp>2017-12-15 21:12:16</timestamp>
<start_ts>2017-10-01 05:18:09</start_ts>
<end_ts>2017-11-10 12:34:22</end_ts>
<geo_cd>AP</geo_cd>
<station_id>ST411</station_id>
<song_end_type>0</song_end_type>
<like>0</like>
<dislike>1</dislike>
</record>
<record>
<user_id>U108</user_id>
<song_id>S220</song_id>
<artist_id>A303</artist_id>
<timestamp>2017-10-01 05:18:09</timestamp>
<start_ts>2017-11-10 12:34:22</start_ts>
<end_ts>2017-05-07 11:09:12</end_ts>
<geo_cd>AP</geo_cd>
<station_id>ST415</station_id>
<song_end_type>3</song_end_type>
<like>0</like>
<dislike>0</dislike>
</record>
<record>
<user_id>U106</user_id>
<song_id>S215</song_id>
<artist_id>A301</artist_id>
<timestamp>2017-10-01 05:18:09</timestamp>
<start_ts>2017-12-15 21:12:16</start_ts>
<end_ts>2017-05-07 11:09:12</end_ts>
<geo_cd>J</geo_cd>
<station_id>ST404</station_id>
<song_end_type>2</song_end_type>
<like>0</like>
<dislike>0</dislike>
</record>
<record>
<user_id>U130</user_id>
<song_id>S215</song_id>
<artist_id>A301</artist_id>
<timestamp>2017-12-15 21:12:16</timestamp>
<start_ts>2017-12-15 21:12:16</start_ts>
<end_ts>2017-12-15 21:12:16</end_ts>
<geo_cd></geo_cd>
<station_id>ST401</station_id>
<song_end_type>0</song_end_type>
<like>0</like>
<dislike>1</dislike>
</record>
<record>
<user_id>U114</user_id>
<song_id>S203</song_id>
<artist_id>A303</artist_id>
<timestamp>2017-05-07 11:09:12</timestamp>
<start_ts>2017-12-15 21:12:16</start_ts>
<end_ts>2017-12-15 21:12:16</end_ts>
<geo_cd>AP</geo_cd>
<station_id>ST405</station_id>
<song_end_type>2</song_end_type>
<like>1</like>
<dislike>0</dislike>
</record>
<record>
<user_id>U123</user_id>
<song_id>S219</song_id>
<artist_id>A306</artist_id>
<timestamp>2017-12-15 21:12:16</timestamp>
<start_ts>2017-05-07 11:09:12</start_ts>
<end_ts>2017-12-15 21:12:16</end_ts>
<geo_cd>AP</geo_cd>
<station_id>ST412</station_id>
<song_end_type>0</song_end_type>
<like>1</like>
<dislike>0</dislike>
</record>
<record>
<user_id>U127</user_id>
<song_id>S204</song_id>
<artist_id>A303</artist_id>
<timestamp>2017-05-07 11:09:12</timestamp>
<start_ts>2017-11-10 12:34:22</start_ts>
<end_ts>2017-05-07 11:09:12</end_ts>
<geo_cd>A</geo_cd>
<station_id>ST402</station_id>
<song_end_type>3</song_end_type>
<like>1</like>
<dislike>1</dislike>
</record>
<record>
<user_id>U123</user_id>
<song_id>S216</song_id>
<artist_id>A304</artist_id>
<timestamp>2017-12-15 21:12:16</timestamp>
<start_ts>2017-11-10 12:34:22</start_ts>
<end_ts>2017-05-07 11:09:12</end_ts>
<geo_cd>A</geo_cd>
<station_id>ST405</station_id>
<song_end_type>0</song_end_type>
<like>1</like>
<dislike>1</dislike>
</record>
<record>
<user_id>U100</user_id>
<song_id>S216</song_id>
<artist_id>A305</artist_id>
<timestamp>2017-12-15 21:12:16</timestamp>
<start_ts>2017-12-15 21:12:16</start_ts>
<end_ts>2017-11-10 12:34:22</end_ts>
<geo_cd>J</geo_cd>
<station_id>ST401</station_id>
<song_end_type>3</song_end_type>
<like>0</like>
<dislike>1</dislike>
</record>
<record>
<user_id></user_id>
<song_id>S215</song_id>
<artist_id>A301</artist_id>
<timestamp>2017-10-01 05:18:09</timestamp>
<start_ts>2017-05-07 11:09:12</start_ts>
<end_ts>2017-11-10 12:34:22</end_ts>
<geo_cd>A</geo_cd>
<station_id>ST401</station_id>
<song_end_type>0</song_end_type>
<like>0</like>
<dislike>0</dislike>
</record>
<record>
<user_id>U102</user_id>
<song_id>S215</song_id>
<artist_id>A303</artist_id>
<timestamp>2017-10-01 05:18:09</timestamp>
<start_ts>2017-10-01 05:18:09</start_ts>
<end_ts>2016-07-10 01:38:09</end_ts>
<geo_cd>AU</geo_cd>
<station_id>ST410</station_id>
<song_end_type>2</song_end_type>
<like>1</like>
<dislike>0</dislike>
</record>
<record>
<user_id>U118</user_id>
<song_id>S207</song_id>
<artist_id></artist_id>
<timestamp>2017-10-01 05:18:09</timestamp>
<start_ts>2017-11-10 12:34:22</start_ts>
<end_ts>2017-11-10 12:34:22</end_ts>
<geo_cd>AU</geo_cd>
<station_id>ST405</station_id>
<song_end_type>0</song_end_type>
<like>1</like>
<dislike>0</dislike>
</record>
<record>
<user_id>U110</user_id>
<song_id>S210</song_id>
<artist_id>A305</artist_id>
<timestamp>2017-12-15 21:12:16</timestamp>
<start_ts>2017-12-15 21:12:16</start_ts>
<end_ts>2017-11-10 12:34:22</end_ts>
<geo_cd>AP</geo_cd>
<station_id>ST406</station_id>
<song_end_type>3</song_end_type>
<like>0</like>
<dislike>1</dislike>
</record>
<record>
<user_id>U120</user_id>
<song_id>S205</song_id>
<artist_id>A305</artist_id>
<timestamp>2017-05-07 11:09:12</timestamp>
<start_ts>2017-11-10 12:34:22</start_ts>
<end_ts>2016-07-10 01:38:09</end_ts>
<geo_cd></geo_cd>
<station_id>ST404</station_id>
<song_end_type>2</song_end_type>
<like>1</like>
<dislike>1</dislike>
</record>
<record>
<user_id>U123</user_id>
<song_id>S216</song_id>
<artist_id>A303</artist_id>
<timestamp>2017-10-01 05:18:09</timestamp>
<start_ts>2017-10-01 05:18:09</start_ts>
<end_ts>2017-11-10 12:34:22</end_ts>
<geo_cd>E</geo_cd>
<station_id>ST406</station_id>
<song_end_type>0</song_end_type>
<like>0</like>
<dislike>0</dislike>
</record>
<record>
<user_id>U119</user_id>
<song_id>S215</song_id>
<artist_id>A300</artist_id>
<timestamp>2017-11-10 12:34:22</timestamp>
<start_ts>2017-11-10 12:34:22</start_ts>
<end_ts>2016-07-10 01:38:09</end_ts>
<geo_cd>AP</geo_cd>
<station_id>ST408</station_id>
<song_end_type>3</song_end_type>
<like>0</like>
<dislike>0</dislike>
</record>
<record>
<user_id>U109</user_id>
<song_id>S216</song_id>
<artist_id>A300</artist_id>
<timestamp>2017-11-10 12:34:22</timestamp>
<start_ts>2017-10-01 05:18:09</start_ts>
<end_ts>2017-12-15 21:12:16</end_ts>
<geo_cd>AU</geo_cd>
<station_id>ST411</station_id>
<song_end_type>1</song_end_type>
<like>1</like>
<dislike>0</dislike>
</record>
<record>
<user_id>U117</user_id>
<song_id>S206</song_id>
<artist_id>A304</artist_id>
<timestamp>2017-10-01 05:18:09</timestamp>
<start_ts>2017-10-01 05:18:09</start_ts>
<end_ts>2016-07-10 01:38:09</end_ts>
<geo_cd>A</geo_cd>
<station_id>ST406</station_id>
<song_end_type>2</song_end_type>
<like>0</like>
<dislike>0</dislike>
</record>
<record>
<user_id>U104</user_id>
<song_id>S218</song_id>
<artist_id>A303</artist_id>
<timestamp>2017-05-07 11:09:12</timestamp>
<start_ts>2017-10-01 05:18:09</start_ts>
<end_ts>2016-07-10 01:38:09</end_ts>
<geo_cd>AP</geo_cd>
<station_id>ST413</station_id>
<song_end_type>0</song_end_type>
<like>1</like>
<dislike>0</dislike>
</record>
<record>
<user_id>U100</user_id>
<song_id>S201</song_id>
<artist_id>A301</artist_id>
<timestamp>2017-05-07 11:09:12</timestamp>
<start_ts>2017-10-01 05:18:09</start_ts>
<end_ts>2017-11-10 12:34:22</end_ts>
<geo_cd>E</geo_cd>
<station_id>ST406</station_id>
<song_end_type>0</song_end_type>
<like>1</like>
<dislike>1</dislike>
</record>
<record>
<user_id>U124</user_id>
<song_id>S217</song_id>
<artist_id>A302</artist_id>
<timestamp>2017-10-01 05:18:09</timestamp>
<start_ts>2017-10-01 05:18:09</start_ts>
<end_ts>2017-12-15 21:12:16</end_ts>
<geo_cd>E</geo_cd>
<station_id>ST413</station_id>
<song_end_type>0</song_end_type>
<like>0</like>
<dislike>0</dislike>
</record>
<record>
<user_id>U110</user_id>
<song_id>S208</song_id>
<artist_id>A300</artist_id>
<timestamp>2017-12-15 21:12:16</timestamp>
<start_ts>2017-11-10 12:34:22</start_ts>
<end_ts>2017-11-10 12:34:22</end_ts>
<geo_cd>E</geo_cd>
<station_id>ST405</station_id>
<song_end_type>1</song_end_type>
<like>0</like>
<dislike>1</dislike>
</record>
<record>
<user_id>U130</user_id>
<song_id>S208</song_id>
<artist_id>A305</artist_id>
<timestamp>2017-11-10 12:34:22</timestamp>
<start_ts>2017-11-10 12:34:22</start_ts>
<end_ts>2017-12-15 21:12:16</end_ts>
<geo_cd>E</geo_cd>
<station_id>ST406</station_id>
<song_end_type>1</song_end_type>
<like>1</like>
<dislike>1</dislike>
</record>
</records>